model,split,source,n,mae,rmse,r2
Linear Regression,test,06_baseline_models,3638,0.5297497813007647,0.6505137775769809,0.12479528556588404
Random Forest,test,06_baseline_models,3638,0.5337274512549753,0.6520209291117771,0.12073512812685538
Rolling Volatility,test,06_baseline_models,3638,0.6026085510386469,0.7035965793888989,-0.02386828097327598
GNN + News,test,07_gnn_ablation_models,3638,0.5849257592378819,0.7154883581436257,-0.05877040529004818
Full Model,test,07_gnn_ablation_models,3638,0.5924167204961728,0.7243551453596607,-0.08517492229772405
Hybrid MLP-GAT,test,12_hybrid_mlp_gat,3638,0.5896052433939775,0.7311032133142586,-0.10548800712220663
GNN Correlation Only,test,06_baseline_models,3638,0.6197923672941967,0.7475266455104459,-0.15571301850621277
GNN + Relationship,test,07_gnn_ablation_models,3638,0.6213349997325108,0.7480146920510369,-0.15722259912191272
GNN Correlation Only,test,07_gnn_ablation_models,3638,0.6221268714542969,0.7495137127289722,-0.16186539235212538
